filename,fish_species,confidence,red_ratio,error
20260427_073306~2.jpg,獅子魚,1.000,0.303,
20260427_073344~2.jpg,紅紋笛鯛 | 寒鯛 | 石佬,0.999 | 0.999 | 0.661,0.360 | 0.363 | 0.273,
20260427_073551~2.jpg,松鯛,0.999,0.341,
20260428_071827~2.jpg,日本血鯛 | 盤仔魚,1.000 | 1.000,0.334 | 0.359,
20260428_073447~2.jpg,長腰鮪魚,0.998,0.343,
20260428_073501~2.jpg,長腰鮪魚,0.999,0.394,
20260428_074001~2.jpg,紫金魚九牙,0.999,0.278,
20260428_075512~2.jpg,繡色細齒笛鯛 | 闊嘴 | 合人,0.961 | 1.000 | 0.422,0.415 | 0.368 | 0.268,
20260428_075536~2.jpg,青若梅鯛 | 青雞魚,0.999 | 0.999,0.393 | 0.380,
20260428_075544~2.jpg,青若梅鯛 | 青雞魚,0.999 | 1.000,0.373 | 0.379,
20260428_080308~3.jpg,剝皮魚,0.938,0.333,
20260428_080313~2.jpg,雲紋石斑,1.000,0.342,
20260428_091227~2.jpg,夢幻石鯛,0.999,0.318,
20260428_091235~2.jpg,紅鐵甲,0.992,0.365,
20260429_073723~2.jpg,黃鰭鮪魚,0.974,0.342,
20260429_074433~2.jpg,鶴鱵 | 水針,0.725 | 0.999,0.388 | 0.175,
20260429_075522~2.jpg,東方齒鰆 | 煙仔虎,0.884 | 1.000,0.388 | 0.267,
20260429_082101~2.jpg,長鰭螄 | 油甘,0.911 | 1.000,0.375 | 0.275,
20260429_082314~2.jpg,藍點石斑,0.999,0.320,
20260502_084547~2.jpg,芭蕉旗魚 | 傘旗魚,1.000 | 0.999,0.383 | 0.303,
20260521_073957~2.jpg,紅嘴唇 | 史氏紅諧魚,1.000 | 0.999,0.386 | 0.322,
20260521_074040~2.jpg,闊嘴攏,0.974,0.411,
20260521_082902~2.jpg,七帶石斑,0.952,0.296,
20260523_080652~2.jpg,阿氏龍占正龍占,1.000,0.288,
20260525_074338~2.jpg,紅嘴唇,0.999,0.314,
20260527_074111~2.jpg,赤羽太,1.000,0.247,
20260527_080533~2.jpg,黃斑狐鯛 | 三齒 | 雙帶狐鯛,0.987 | 0.889 | 0.914,0.410 | 0.334 | 0.436,
20260528_073726~2.jpg,金算午 | 絲鰭姫鯛,0.999 | 0.996,0.278 | 0.393,
20260528_073912~2.jpg,雙斑笛鯛 | 紅槽,0.999 | 1.000,0.383 | 0.344,
20260529_074135~2.jpg,史氏紅諧魚 | 紅嘴唇 | 雙帶鰺拉倫,0.999 | 0.995 | 0.988,0.315 | 0.348 | 0.370,
20260529_080145~2.jpg,白孔仔 | 單帶框棘鱸,1.000 | 0.930,0.253 | 0.373,
20260529_080213~2.jpg,紅鰓龍占,0.995,0.330,
20260602_080048~2.jpg,大棘大眼鯛紅目鰱,1.000,0.368,
20260603_073547~2.jpg,白線鮨 | 橙點石斑,0.998 | 0.999,0.389 | 0.352,
20260603_073612~2.jpg,單帶框棘鱸 | 白孔仔,0.899 | 1.000,0.465 | 0.255,
20260604_073659~2.jpg,宋氏九刺鮨紅石斑,0.998,0.315,
20260604_073713~2.jpg,合制人 | 富貴魚 | 圓眼燕魚,0.337 | 0.999 | 0.994,0.215 | 0.410 | 0.459,
20260619_073555~2.jpg,藍瓜子斑,1.000,0.314,
20260619_074727~2.jpg,金目鯛 | 紅皮刀,0.999 | 1.000,0.360 | 0.332,
20260621_075600~2.jpg,逆勾鰺 | 刺蔥 | 台東漁,0.997 | 0.968 | 0.998,0.331 | 0.313 | 0.418,
20260621_075848~2.jpg,雪鯰,0.996,0.307,
20260622_073634~2.jpg,夢幻石鯛,0.999,0.331,
20260622_073655~2.jpg,花鱸 | 海新娘,0.996 | 1.000,0.347 | 0.349,
20260622_080719~2.jpg,芭蕉旗魚,1.000,0.318,
20260622_082445~2.jpg,狗母魚,1.000,0.300,
20260623_074502~2.jpg,鑲點石斑 | 弧紋石斑,0.996 | 0.999,0.351 | 0.370,
20260623_074617~2.jpg,真烏魴,0.955,0.368,
20260623_074641~2.jpg,赤海 | 赤鰭笛鯛,1.000 | 0.983,0.431 | 0.432,
20260623_074745~2.jpg,三線磯鱸 | 黃雞魚,0.992 | 0.992,0.395 | 0.394,
20260623_074756~2.jpg,赤筆 | 紅紋笛鯛,1.000 | 0.999,0.418 | 0.398,
20260623_074954~2.jpg,黃帶龍占 | 紅鐵甲 | 堅鋸鱗魚,0.889 | 0.986 | 0.995,0.342 | 0.329 | 0.401,
20260623_075906~2.jpg,條紋胡椒鯛 | 花身,0.995 | 1.000,0.386 | 0.261,
20260623_080352~2.jpg,葉鯛 | 黑大目,0.999 | 0.998,0.391 | 0.271,
20260627_073733~2.jpg,XXL赤鯨,0.964,0.276,
20260627_073827~2.jpg,黑鮭,0.866,0.333,
20260627_075539~2.jpg,青衣 | 鸚哥,1.000 | 0.999,0.271 | 0.343,
20260629_074226~2.jpg,吻斑石斑 | 黑點赤筆,1.000 | 0.999,0.427 | 0.499,
20260629_080007~3.jpg,鋸尾鯛 | 黑豬哥,0.999 | 0.999,0.389 | 0.359,
20260630_074655~2.jpg,鑲點石斑,0.981,0.356,
20260630_080605~2.jpg,花尾胡椒鯛加志,0.999,0.406,
20260701_073907~2.jpg,燕尾紅條,0.999,0.323,
20260701_073912~2.jpg,紅石斑 | 青星九刺鮨,1.000 | 0.999,0.300 | 0.380,
20260701_074228~2.jpg,紅紋笛鯛 | 赤筆,0.999 | 1.000,0.375 | 0.348,
20260701_074232~2.jpg,横帶龍占 | 阿氏龍占,0.852 | 1.000,0.342 | 0.317,
20260702_074410~2.jpg,逆勾鰺 | 刺蔥,0.994 | 0.973,0.331 | 0.296,
20260702_074424~2.jpg,巴鰹三點煙,0.996,0.243,
20260702_074448~2.jpg,花鱸,0.997,0.378,
20260702_074454~3.jpg,海鯽魚,0.972,0.317,
20260702_074500~2.jpg,三線磯鱸 | 黃雞魚,0.998 | 0.992,0.372 | 0.372,
20260702_074550~2.jpg,算午 | 希氏姬鯛,1.000 | 0.982,0.223 | 0.367,
20260702_074604~2.jpg,真烏魴 | 黑嘉蠟,0.908 | 0.833,0.322 | 0.445,
20260703_074452~2.jpg,銅盤 | 斑點雞籠鯧,1.000 | 0.935,0.362 | 0.399,
20260704_075151~2.jpg,瑪拉巴石斑,1.000,0.332,
20260704_075236~2.jpg,花尾鷹羽鯛 | 金花,0.998 | 1.000,0.375 | 0.538,
20260704_075258~2.jpg,斜鱗笛鯛,0.996,0.395,
20260704_082059~2.jpg,濱鯛正金蘭,0.998,0.388,
20260704_082104~2.jpg,金蘭 | 長尾鳥,1.000 | 0.997,0.320 | 0.348,
20260704_082114~2.jpg,花鱸,0.993,0.284,
20260704_082121~2.jpg,藍紋姫鯛,0.886,0.371,
20260704_082127~2.jpg,馬鞭魚,1.000,0.391,
20260706_074524~2.jpg,野生紅甘,1.000,0.320,
20260706_081014~2.jpg,黃斑狐鯛,0.987,0.371,
20260706_081100~2.jpg,白星笛鯛,0.999,0.360,
20260706_081112~2.jpg,裸頂鯛月白,0.998,0.334,
20260706_081119~2.jpg,厚唇加志 | 駝背胡椒鯛,1.000 | 0.997,0.385 | 0.407,
20260706_081138~2.jpg,半環刺蓋魚 | 藍紋神仙,1.000 | 1.000,0.354 | 0.321,
20260706_081144~2.jpg,石狗公 | 獅子魚,1.000 | 0.998,0.248 | 0.295,
20260707_075016~2.jpg,竹節䲠 | 石喬 | 黃鰭鮪魚,0.965 | 1.000 | 0.990,0.303 | 0.273 | 0.420,
20260707_075134~2.jpg,5-7指大白帶,0.986,0.268,
20260707_075231~2.jpg,赤海 | 赤鰭笛鯛,1.000 | 0.993,0.327 | 0.423,
20260707_075312~2.jpg,黑點赤筆 | 單斑笛鯛,0.999 | 0.999,0.415 | 0.406,
20260707_075332~2.jpg,日本血鯛 | 紅盤,1.000 | 1.000,0.314 | 0.312,
20260707_075404~2.jpg,翡翠龍占,1.000,0.314,
20260707_075422~2.jpg,黃若梅鯛包公雞,0.997,0.356,
20260707_075445~2.jpg,尖吻棘鯛 | 五棘鯛,0.999 | 0.996,0.349 | 0.385,
20260707_075450~2.jpg,堅鋸鱗魚 | 紅鐵甲 | 紅紋笛鯛 | 赤筆,0.994 | 0.984 | 1.000 | 1.000,0.448 | 0.370 | 0.377 | 0.302,
20260707_081753~2.jpg,紅瓜子斑,1.000,0.282,
20260707_081758~2.jpg,E | 銀紋笛鯛 | 紅槽,0.349 | 1.000 | 1.000,0.399 | 0.388 | 0.328,
20260707_081844~2.jpg,黃帶龍占,0.803,0.389,
20260707_090152~2.jpg,XL黑喉,0.998,0.287,
20260707_090546~2.jpg,紅目大眼鯛,0.998,0.336,
20260804_073719~2.jpg,雙帶鰺 | 拉倫,0.962 | 1.000,0.382 | 0.307,
20260804_073838~2.jpg,長尾鳥,0.998,0.304,
20260804_074429~2.jpg,正龍占 | 黃足笛鯛,1.000 | 0.990,0.284 | 0.373,
20260804_081922~2.jpg,白吻雙帶立鰭鯛 | 黑白關刀,0.997 | 0.999,0.380 | 0.368,
20260804_081930~2.jpg,鳳梨魚 | 日本骨鱗魚,0.999 | 0.995,0.387 | 0.331,
20260804_081938~2.jpg,紅喉,1.000,0.298,
20260805_074153~2.jpg,單斑笛鯛 | 黑點赤筆,0.998 | 0.999,0.424 | 0.382,
20260805_074156~2.jpg,野生真鯛,0.999,0.379,
20260805_074528~2.jpg,正鰹,0.998,0.293,
20260805_074535~2.jpg,鬼頭刀,1.000,0.298,
20260805_074542~2.jpg,竹節䲠 | 石喬,0.974 | 1.000,0.300 | 0.292,
20260806_073939~2.jpg,尖嘴龍占 | 長吻裸頰鯛,1.000 | 0.883,0.353 | 0.383,
20260806_073945~2.jpg,斑鰭金梭魚,0.998,0.375,
20260806_074012~2.jpg,錢鰻,0.931,0.359,
20260806_074027~2.jpg,寶石石斑 | 宋氏九刺鮨紅石斑,0.999 | 0.999,0.344 | 0.300,
20260806_074036~2.jpg,石磯 | 黃足笛鯛,1.000 | 0.984,0.305 | 0.347,
20260806_080753~2.jpg,海雞母笛鯛花臉,0.999,0.369,
20260806_080759~2.jpg,黑點石斑,0.999,0.323,
20260806_080809~2.jpg,青衣 | 鸚哥,1.000 | 0.999,0.270 | 0.388,
20260806_080839~2.jpg,黃點胡椒鯛細鱗加志,0.998,0.339,
20260806_080845~2.jpg,異黑鯛,0.996,0.344,
20260806_080903~2.jpg,泰利鰺牛港瓜,0.998,0.289,
